{
  "train_loss": [
    4.6402974128723145,
    3.275758091211319,
    2.3903756701946257,
    2.2926942336559297,
    2.237945169210434,
    2.2017849588394167,
    2.167220370769501,
    2.1416160917282103,
    2.120347200632095,
    2.1015840470790863,
    2.0818568539619444,
    2.0677017390728,
    2.0548955154418946,
    2.040459643602371,
    2.033394894003868,
    2.02266776740551,
    2.0146198219060896,
    2.0034168154001235,
    1.994853149652481,
    1.9935628455877303,
    1.9814998644590378,
    1.9781046110391616,
    1.9668299013376236,
    1.9645849639177322,
    1.9525953596830368,
    1.951404619216919,
    1.943271688222885,
    1.9435512733459472,
    1.9363090765476227,
    1.9376621431112289,
    1.9305061739683151,
    1.9274421799182893,
    1.9222560864686966,
    1.921795179247856,
    1.9194574820995332,
    1.915833214521408,
    1.9131215465068818,
    1.9112053155899047,
    1.9113983780145645,
    1.9113946223258973,
    1.9075817732355702
  ],
  "val_loss": [
    2.500058963894844,
    2.347899451851845,
    2.285971522331238,
    2.2499248534440994,
    2.214723289012909,
    2.1834785789251328,
    2.1738882958889008,
    2.17023429274559,
    2.1398645490407944,
    2.138727158308029,
    2.1308833062648773,
    2.1174532771110535,
    2.098721504211426,
    2.1145038157701492,
    2.1098255664110184,
    2.105574995279312,
    2.0913125723600388,
    2.09317310154438,
    2.0774858593940735,
    2.0816335529088974,
    2.085951715707779,
    2.0826337933540344,
    2.0696608424186707,
    2.0687273740768433,
    2.0722084045410156,
    2.0602528899908066,
    2.070017158985138,
    2.0590936690568924,
    2.05147385597229,
    2.0518583208322525,
    2.049553260207176,
    2.0438570082187653,
    2.0478545129299164,
    2.039774313569069,
    2.0494724586606026,
    2.046615794301033,
    2.041617028415203,
    2.0493664890527725,
    2.0457601845264435,
    2.047384575009346
  ],
  "lr": [
    1.4999999999999998e-06,
    0.0003,
    0.00029956223659811834,
    0.0002982517854561182,
    0.000296077145352517,
    0.0002930524196628646,
    0.00028919722489394124,
    0.0002845365634631833,
    0.0002791006615484123,
    0.00027292477305947263,
    0.0002660489510030986,
    0.0002585177877237959,
    0.0002503801257053759,
    0.00024168874080870599,
    0.00023249999999999996,
    0.00022287349578941227,
    0.00021287165975074227,
    0.0002025593576287211,
    0.00019200346865976597,
    0.00018127245183446856,
    0.00017043590191477103,
    0.00015956409808522896,
    0.0001487275481655314,
    0.000137996531340234,
    0.00012744064237127888,
    0.00011712834024925766,
    0.00010712650421058765,
    9.750000000000001e-05,
    8.831125919129397e-05,
    7.961987429462407e-05,
    7.148221227620408e-05,
    6.395104899690133e-05,
    5.707522694052737e-05,
    5.089933845158772e-05,
    4.546343653681667e-05,
    4.080277510605873e-05,
    3.694758033713536e-05,
    3.392285464748298e-05,
    3.174821454388177e-05,
    3.043776340188166e-05,
    3.0000010950004728e-05
  ],
  "step": [
    0,
    200,
    400,
    600,
    800,
    1000,
    1200,
    1400,
    1600,
    1800,
    2000,
    2200,
    2400,
    2600,
    2800,
    3000,
    3200,
    3400,
    3600,
    3800,
    4000,
    4200,
    4400,
    4600,
    4800,
    5000,
    5200,
    5400,
    5600,
    5800,
    6000,
    6200,
    6400,
    6600,
    6800,
    7000,
    7200,
    7400,
    7600,
    7800,
    7999
  ],
  "val_step": [
    200,
    400,
    600,
    800,
    1000,
    1200,
    1400,
    1600,
    1800,
    2000,
    2200,
    2400,
    2600,
    2800,
    3000,
    3200,
    3400,
    3600,
    3800,
    4000,
    4200,
    4400,
    4600,
    4800,
    5000,
    5200,
    5400,
    5600,
    5800,
    6000,
    6200,
    6400,
    6600,
    6800,
    7000,
    7200,
    7400,
    7600,
    7800,
    7999
  ],
  "param_count": 1495872,
  "wall_time_s": 134.35809898376465
}