{
  "train_loss": [
    4.604827404022217,
    3.270667065382004,
    2.3925690829753874,
    2.291262526512146,
    2.2379542636871337,
    2.1959123992919922,
    2.165800598859787,
    2.142325644493103,
    2.1198342740535736,
    2.101813317537308,
    2.08731707572937,
    2.073604735136032,
    2.056614754796028,
    2.0459810209274294,
    2.039691494703293,
    2.0268329471349715,
    2.017106486558914,
    2.008380722403526,
    2.0032902294397354,
    1.9934965538978577,
    1.9877466022968293,
    1.9786358451843262,
    1.9691099560260772,
    1.9669192522764205,
    1.9621051490306853,
    1.9578795433044434,
    1.9512610453367234,
    1.9491846883296966,
    1.9452311050891877,
    1.9415148407220841,
    1.9365900725126266,
    1.935821270942688,
    1.9296923959255219,
    1.9270479357242585,
    1.9275552743673325,
    1.9257899302244186,
    1.9194362848997115,
    1.9201998901367188,
    1.9171050101518632,
    1.9210636031627655,
    1.9168189865859908
  ],
  "val_loss": [
    2.516792967915535,
    2.343189239501953,
    2.287391781806946,
    2.235926538705826,
    2.206917703151703,
    2.1788196712732315,
    2.1694211661815643,
    2.137146830558777,
    2.1435684114694595,
    2.1143989711999893,
    2.132196605205536,
    2.121058762073517,
    2.0970377177000046,
    2.0978400111198425,
    2.0995125472545624,
    2.104173243045807,
    2.09843672811985,
    2.095456302165985,
    2.0838907063007355,
    2.092226415872574,
    2.077324852347374,
    2.086727425456047,
    2.0833707004785538,
    2.0644577890634537,
    2.0647512078285217,
    2.0646595805883408,
    2.0564262568950653,
    2.0653575360774994,
    2.0564825981855392,
    2.048548176884651,
    2.0502990931272507,
    2.0570864975452423,
    2.0505780577659607,
    2.055392324924469,
    2.0423372834920883,
    2.0486758649349213,
    2.0416121631860733,
    2.0447524189949036,
    2.0445045232772827,
    2.039946287870407
  ],
  "lr": [
    1.4999999999999998e-06,
    0.0003,
    0.00029956223659811834,
    0.0002982517854561182,
    0.000296077145352517,
    0.0002930524196628646,
    0.00028919722489394124,
    0.0002845365634631833,
    0.0002791006615484123,
    0.00027292477305947263,
    0.0002660489510030986,
    0.0002585177877237959,
    0.0002503801257053759,
    0.00024168874080870599,
    0.00023249999999999996,
    0.00022287349578941227,
    0.00021287165975074227,
    0.0002025593576287211,
    0.00019200346865976597,
    0.00018127245183446856,
    0.00017043590191477103,
    0.00015956409808522896,
    0.0001487275481655314,
    0.000137996531340234,
    0.00012744064237127888,
    0.00011712834024925766,
    0.00010712650421058765,
    9.750000000000001e-05,
    8.831125919129397e-05,
    7.961987429462407e-05,
    7.148221227620408e-05,
    6.395104899690133e-05,
    5.707522694052737e-05,
    5.089933845158772e-05,
    4.546343653681667e-05,
    4.080277510605873e-05,
    3.694758033713536e-05,
    3.392285464748298e-05,
    3.174821454388177e-05,
    3.043776340188166e-05,
    3.0000010950004728e-05
  ],
  "step": [
    0,
    200,
    400,
    600,
    800,
    1000,
    1200,
    1400,
    1600,
    1800,
    2000,
    2200,
    2400,
    2600,
    2800,
    3000,
    3200,
    3400,
    3600,
    3800,
    4000,
    4200,
    4400,
    4600,
    4800,
    5000,
    5200,
    5400,
    5600,
    5800,
    6000,
    6200,
    6400,
    6600,
    6800,
    7000,
    7200,
    7400,
    7600,
    7800,
    7999
  ],
  "val_step": [
    200,
    400,
    600,
    800,
    1000,
    1200,
    1400,
    1600,
    1800,
    2000,
    2200,
    2400,
    2600,
    2800,
    3000,
    3200,
    3400,
    3600,
    3800,
    4000,
    4200,
    4400,
    4600,
    4800,
    5000,
    5200,
    5400,
    5600,
    5800,
    6000,
    6200,
    6400,
    6600,
    6800,
    7000,
    7200,
    7400,
    7600,
    7800,
    7999
  ],
  "param_count": 1495872,
  "wall_time_s": 150.10982751846313
}