{
  "train_loss": [
    4.636093616485596,
    3.2716253602504732,
    2.390948363542557,
    2.2924259054660796,
    2.2433469235897063,
    2.2030923545360563,
    2.175531075000763,
    2.150887711048126,
    2.129542074203491,
    2.1090801334381104,
    2.0896883845329284,
    2.072476499080658,
    2.055297473669052,
    2.0441720592975616,
    2.0329906791448593,
    2.0209399455785753,
    2.005572155714035,
    1.998608924150467,
    1.9937223052978517,
    1.9834140622615815,
    1.9718466472625733,
    1.9642544263601303,
    1.959049864411354,
    1.9545400303602218,
    1.9494322699308395,
    1.9412494450807571,
    1.9364647769927978,
    1.9294095611572266,
    1.925316072702408,
    1.9182144320011139,
    1.9184701550006866,
    1.916092300415039,
    1.9133251869678498,
    1.9098361843824387,
    1.9085565555095672,
    1.9034006094932556,
    1.9049028676748276,
    1.8988729470968246,
    1.8992626148462295,
    1.8972202640771867,
    1.897936437597227
  ],
  "val_loss": [
    2.5033333748579025,
    2.3460152000188828,
    2.292296826839447,
    2.249992460012436,
    2.2464869171380997,
    2.1955622285604477,
    2.1832878589630127,
    2.169040232896805,
    2.142871230840683,
    2.1464694142341614,
    2.128925994038582,
    2.12462817132473,
    2.1024550050497055,
    2.0984079092741013,
    2.090552657842636,
    2.075297996401787,
    2.073676437139511,
    2.0784477293491364,
    2.060556173324585,
    2.062592327594757,
    2.0617717802524567,
    2.0522210597991943,
    2.0469843596220016,
    2.0676776617765427,
    2.0450388938188553,
    2.044309988617897,
    2.039675399661064,
    2.056535765528679,
    2.044097103178501,
    2.0362846329808235,
    2.03397199511528,
    2.0257837027311325,
    2.0175959169864655,
    2.03027081489563,
    2.0199868455529213,
    2.0446371734142303,
    2.029387913644314,
    2.0357767567038536,
    2.02336622774601,
    2.0224979296326637
  ],
  "lr": [
    1.4999999999999998e-06,
    0.0003,
    0.00029956223659811834,
    0.0002982517854561182,
    0.000296077145352517,
    0.0002930524196628646,
    0.00028919722489394124,
    0.0002845365634631833,
    0.0002791006615484123,
    0.00027292477305947263,
    0.0002660489510030986,
    0.0002585177877237959,
    0.0002503801257053759,
    0.00024168874080870599,
    0.00023249999999999996,
    0.00022287349578941227,
    0.00021287165975074227,
    0.0002025593576287211,
    0.00019200346865976597,
    0.00018127245183446856,
    0.00017043590191477103,
    0.00015956409808522896,
    0.0001487275481655314,
    0.000137996531340234,
    0.00012744064237127888,
    0.00011712834024925766,
    0.00010712650421058765,
    9.750000000000001e-05,
    8.831125919129397e-05,
    7.961987429462407e-05,
    7.148221227620408e-05,
    6.395104899690133e-05,
    5.707522694052737e-05,
    5.089933845158772e-05,
    4.546343653681667e-05,
    4.080277510605873e-05,
    3.694758033713536e-05,
    3.392285464748298e-05,
    3.174821454388177e-05,
    3.043776340188166e-05,
    3.0000010950004728e-05
  ],
  "step": [
    0,
    200,
    400,
    600,
    800,
    1000,
    1200,
    1400,
    1600,
    1800,
    2000,
    2200,
    2400,
    2600,
    2800,
    3000,
    3200,
    3400,
    3600,
    3800,
    4000,
    4200,
    4400,
    4600,
    4800,
    5000,
    5200,
    5400,
    5600,
    5800,
    6000,
    6200,
    6400,
    6600,
    6800,
    7000,
    7200,
    7400,
    7600,
    7800,
    7999
  ],
  "val_step": [
    200,
    400,
    600,
    800,
    1000,
    1200,
    1400,
    1600,
    1800,
    2000,
    2200,
    2400,
    2600,
    2800,
    3000,
    3200,
    3400,
    3600,
    3800,
    4000,
    4200,
    4400,
    4600,
    4800,
    5000,
    5200,
    5400,
    5600,
    5800,
    6000,
    6200,
    6400,
    6600,
    6800,
    7000,
    7200,
    7400,
    7600,
    7800,
    7999
  ],
  "param_count": 1495872,
  "wall_time_s": 148.60119795799255
}