{
  "prediction": "P14.2 (interface 14)",
  "btw": {
    "n_avalanches": 3840,
    "fit": {
      "tau": 1.3678606205341597,
      "n": 2533,
      "x_min": 4.0
    },
    "size_stats": {
      "min": 1.0,
      "median": 10.0,
      "max": 14104.0,
      "mean": 253.06692708333333
    },
    "wall_time": 2.9768714904785156
  },
  "mnsm": {
    "n_avalanches": 25,
    "fit": {
      "tau": 1.134573042531634,
      "n": 25,
      "x_min": 0.001
    },
    "median_peak": 0.021406466141343117,
    "threshold_level": 0.022476789448410275,
    "size_stats": {
      "min": 0.022446323186159134,
      "median": 1.3227962255477905,
      "max": 150.07763671875,
      "mean": 20.168054580688477
    },
    "wall_time": 2.0472569465637207
  },
  "wall_time_total_s": 5.041321516036987
}