{
  "train_loss": [
    4.647119998931885,
    3.276090735197067,
    2.390041047334671,
    2.2921732211112977,
    2.235836822986603,
    2.1938195168972014,
    2.1642409491539003,
    2.1364077389240266,
    2.114004136323929,
    2.095059932470322,
    2.080783234834671,
    2.0613861978054047,
    2.049202352166176,
    2.033697368502617,
    2.027805131673813,
    2.012285199761391,
    2.000528279542923,
    1.9907048004865646,
    1.9829617309570313,
    1.9716981726884841,
    1.9684747272729874,
    1.9608863753080368,
    1.9513480758666992,
    1.9428225231170655,
    1.9375579816102981,
    1.9329024451971053,
    1.926408172249794,
    1.9205442780256272,
    1.9168450981378555,
    1.9111080771684648,
    1.9076699775457382,
    1.902659096121788,
    1.9018809229135514,
    1.8969969266653062,
    1.893920783996582,
    1.89017469227314,
    1.8900079786777497,
    1.8876753187179565,
    1.885898015499115,
    1.8873883724212646,
    1.8849294287475509
  ],
  "val_loss": [
    2.523775726556778,
    2.353644907474518,
    2.2957477122545242,
    2.2333375066518784,
    2.2087831795215607,
    2.1634113639593124,
    2.150013744831085,
    2.132762596011162,
    2.1447799503803253,
    2.1210973113775253,
    2.099846139550209,
    2.103905037045479,
    2.1108418852090836,
    2.0913060754537582,
    2.1020252257585526,
    2.0874335914850235,
    2.083424612879753,
    2.0562835037708282,
    2.0833794623613358,
    2.0590620636940002,
    2.0636139512062073,
    2.062952920794487,
    2.0577751249074936,
    2.055765300989151,
    2.0441059470176697,
    2.0500404089689255,
    2.043464943766594,
    2.0308875888586044,
    2.0311810076236725,
    2.033864364027977,
    2.0252041071653366,
    2.0284895077347755,
    2.02258837223053,
    2.044986307621002,
    2.0304888635873795,
    2.0293048471212387,
    2.0210021510720253,
    2.018604964017868,
    2.0299971848726273,
    2.028327614068985
  ],
  "lr": [
    1.4999999999999998e-06,
    0.0003,
    0.00029956223659811834,
    0.0002982517854561182,
    0.000296077145352517,
    0.0002930524196628646,
    0.00028919722489394124,
    0.0002845365634631833,
    0.0002791006615484123,
    0.00027292477305947263,
    0.0002660489510030986,
    0.0002585177877237959,
    0.0002503801257053759,
    0.00024168874080870599,
    0.00023249999999999996,
    0.00022287349578941227,
    0.00021287165975074227,
    0.0002025593576287211,
    0.00019200346865976597,
    0.00018127245183446856,
    0.00017043590191477103,
    0.00015956409808522896,
    0.0001487275481655314,
    0.000137996531340234,
    0.00012744064237127888,
    0.00011712834024925766,
    0.00010712650421058765,
    9.750000000000001e-05,
    8.831125919129397e-05,
    7.961987429462407e-05,
    7.148221227620408e-05,
    6.395104899690133e-05,
    5.707522694052737e-05,
    5.089933845158772e-05,
    4.546343653681667e-05,
    4.080277510605873e-05,
    3.694758033713536e-05,
    3.392285464748298e-05,
    3.174821454388177e-05,
    3.043776340188166e-05,
    3.0000010950004728e-05
  ],
  "step": [
    0,
    200,
    400,
    600,
    800,
    1000,
    1200,
    1400,
    1600,
    1800,
    2000,
    2200,
    2400,
    2600,
    2800,
    3000,
    3200,
    3400,
    3600,
    3800,
    4000,
    4200,
    4400,
    4600,
    4800,
    5000,
    5200,
    5400,
    5600,
    5800,
    6000,
    6200,
    6400,
    6600,
    6800,
    7000,
    7200,
    7400,
    7600,
    7800,
    7999
  ],
  "val_step": [
    200,
    400,
    600,
    800,
    1000,
    1200,
    1400,
    1600,
    1800,
    2000,
    2200,
    2400,
    2600,
    2800,
    3000,
    3200,
    3400,
    3600,
    3800,
    4000,
    4200,
    4400,
    4600,
    4800,
    5000,
    5200,
    5400,
    5600,
    5800,
    6000,
    6200,
    6400,
    6600,
    6800,
    7000,
    7200,
    7400,
    7600,
    7800,
    7999
  ],
  "param_count": 1495872,
  "wall_time_s": 101.29845929145813
}