{
  "prediction": "P14.2 (interface 14), wave 2 with FDT-coupled MNSM",
  "btw": {
    "n_avalanches": 3840,
    "fit": {
      "tau": 1.3678606205341597,
      "n": 2533,
      "x_min": 4.0
    },
    "wall_time": 2.9282846450805664,
    "size_min": 1,
    "size_max": 14104,
    "size_mean": 253.06692708333333
  },
  "mnsm_runs": [
    {
      "gamma_0": 0.01,
      "T_bath": 0.05,
      "n_avalanches": 389,
      "fit": {
        "tau": 1.2550967087695302,
        "n": 381,
        "x_min": 0.001
      },
      "median_peak": 0.1734808087348938,
      "threshold_level": 0.1821548491716385,
      "wall_time": 3.1617591381073
    },
    {
      "gamma_0": 0.05,
      "T_bath": 0.05,
      "n_avalanches": 618,
      "fit": {
        "tau": 1.2299673626077636,
        "n": 609,
        "x_min": 0.001
      },
      "median_peak": 0.3613026440143585,
      "threshold_level": 0.37936777621507645,
      "wall_time": 3.161686420440674
    },
    {
      "gamma_0": 0.2,
      "T_bath": 0.05,
      "n_avalanches": 791,
      "fit": {
        "tau": 1.2405287919166539,
        "n": 785,
        "x_min": 0.001
      },
      "median_peak": 0.42747610807418823,
      "threshold_level": 0.44884991347789766,
      "wall_time": 3.125504970550537
    }
  ],
  "wall_time_total_s": 12.79247236251831,
  "backend": "cupy"
}