{
  "train_loss": [
    4.627596855163574,
    3.2813767790794373,
    2.4009110105037688,
    2.2966593825817108,
    2.246397941112518,
    2.207331395149231,
    2.1815977656841277,
    2.160962736606598,
    2.1439639592170714,
    2.1237720906734467,
    2.1089132761955263,
    2.0981635427474976,
    2.083485721349716,
    2.072362586259842,
    2.0626000905036928,
    2.0519608533382416,
    2.03609512925148,
    2.0297238302230833,
    2.024022565484047,
    2.01597487449646,
    2.004589986205101,
    1.998134162425995,
    1.991473074555397,
    1.9893223869800567,
    1.9855806940793992,
    1.9774901765584945,
    1.9706001895666123,
    1.9662043583393096,
    1.9606003755331038,
    1.9534916627407073,
    1.9543218195438385,
    1.9518683069944383,
    1.9505051857233047,
    1.9457535940408706,
    1.94474770963192,
    1.9412201005220413,
    1.9417866784334183,
    1.93602718770504,
    1.9364756989479064,
    1.9341625148057937,
    1.9343043967108031
  ],
  "val_loss": [
    2.5297316163778305,
    2.354419529438019,
    2.2971797436475754,
    2.2470405846834183,
    2.2455611526966095,
    2.207951232790947,
    2.20296910405159,
    2.1779988408088684,
    2.1535943895578384,
    2.1577175706624985,
    2.1449416130781174,
    2.1368044316768646,
    2.123096853494644,
    2.11971652507782,
    2.1163510978221893,
    2.1091322004795074,
    2.0928957760334015,
    2.095694422721863,
    2.0776060670614243,
    2.0876507610082626,
    2.0844031274318695,
    2.069616287946701,
    2.0759627372026443,
    2.073183000087738,
    2.067314386367798,
    2.0613219290971756,
    2.063822641968727,
    2.069752484560013,
    2.074018359184265,
    2.057930365204811,
    2.056019604206085,
    2.046445310115814,
    2.041816145181656,
    2.053820788860321,
    2.049006536602974,
    2.071508079767227,
    2.050628587603569,
    2.05586738884449,
    2.044621527194977,
    2.0404730141162872
  ],
  "lr": [
    1.4999999999999998e-06,
    0.0003,
    0.00029956223659811834,
    0.0002982517854561182,
    0.000296077145352517,
    0.0002930524196628646,
    0.00028919722489394124,
    0.0002845365634631833,
    0.0002791006615484123,
    0.00027292477305947263,
    0.0002660489510030986,
    0.0002585177877237959,
    0.0002503801257053759,
    0.00024168874080870599,
    0.00023249999999999996,
    0.00022287349578941227,
    0.00021287165975074227,
    0.0002025593576287211,
    0.00019200346865976597,
    0.00018127245183446856,
    0.00017043590191477103,
    0.00015956409808522896,
    0.0001487275481655314,
    0.000137996531340234,
    0.00012744064237127888,
    0.00011712834024925766,
    0.00010712650421058765,
    9.750000000000001e-05,
    8.831125919129397e-05,
    7.961987429462407e-05,
    7.148221227620408e-05,
    6.395104899690133e-05,
    5.707522694052737e-05,
    5.089933845158772e-05,
    4.546343653681667e-05,
    4.080277510605873e-05,
    3.694758033713536e-05,
    3.392285464748298e-05,
    3.174821454388177e-05,
    3.043776340188166e-05,
    3.0000010950004728e-05
  ],
  "step": [
    0,
    200,
    400,
    600,
    800,
    1000,
    1200,
    1400,
    1600,
    1800,
    2000,
    2200,
    2400,
    2600,
    2800,
    3000,
    3200,
    3400,
    3600,
    3800,
    4000,
    4200,
    4400,
    4600,
    4800,
    5000,
    5200,
    5400,
    5600,
    5800,
    6000,
    6200,
    6400,
    6600,
    6800,
    7000,
    7200,
    7400,
    7600,
    7800,
    7999
  ],
  "val_step": [
    200,
    400,
    600,
    800,
    1000,
    1200,
    1400,
    1600,
    1800,
    2000,
    2200,
    2400,
    2600,
    2800,
    3000,
    3200,
    3400,
    3600,
    3800,
    4000,
    4200,
    4400,
    4600,
    4800,
    5000,
    5200,
    5400,
    5600,
    5800,
    6000,
    6200,
    6400,
    6600,
    6800,
    7000,
    7200,
    7400,
    7600,
    7800,
    7999
  ],
  "param_count": 1495872,
  "wall_time_s": 126.11372113227844
}