{
  "train_loss": [
    4.60471773147583,
    3.2706891894340515,
    2.3926764619350434,
    2.2913461458683013,
    2.2381223142147064,
    2.196002848148346,
    2.1654697275161743,
    2.142857508659363,
    2.1199659585952757,
    2.101881135702133,
    2.087321742773056,
    2.0735689878463743,
    2.0577382469177246,
    2.0456150364875794,
    2.039313918352127,
    2.026436761021614,
    2.016502636671066,
    2.0081594371795655,
    2.002180660367012,
    1.9931029659509658,
    1.987197959423065,
    1.9776917898654938,
    1.969620304107666,
    1.966710701584816,
    1.961937917470932,
    1.9578052711486817,
    1.951038498878479,
    1.9490899044275283,
    1.9451089769601821,
    1.9412443488836288,
    1.936648371219635,
    1.9354973012208938,
    1.9296666795015336,
    1.9273019981384278,
    1.9270885276794434,
    1.926042851805687,
    1.9193551248311997,
    1.9198727577924728,
    1.9170205318927764,
    1.9207767802476883,
    1.916662798455013
  ],
  "val_loss": [
    2.5167880952358246,
    2.3433951139450073,
    2.287780374288559,
    2.235920399427414,
    2.2081606090068817,
    2.1810593605041504,
    2.1655380874872208,
    2.142643630504608,
    2.1442301869392395,
    2.1200825423002243,
    2.1319761276245117,
    2.1138719469308853,
    2.1021991670131683,
    2.101392298936844,
    2.093934193253517,
    2.109756678342819,
    2.1003891229629517,
    2.0906941145658493,
    2.085020199418068,
    2.090932697057724,
    2.080431416630745,
    2.0827816277742386,
    2.0789965838193893,
    2.0666502863168716,
    2.0669215470552444,
    2.0567559897899628,
    2.057395040988922,
    2.0647525042295456,
    2.0558295398950577,
    2.0482149869203568,
    2.0470975935459137,
    2.0568216294050217,
    2.049984708428383,
    2.055262789130211,
    2.0418663173913956,
    2.0487956404685974,
    2.040844663977623,
    2.0434527471661568,
    2.0430094450712204,
    2.0384195894002914
  ],
  "lr": [
    1.4999999999999998e-06,
    0.0003,
    0.00029956223659811834,
    0.0002982517854561182,
    0.000296077145352517,
    0.0002930524196628646,
    0.00028919722489394124,
    0.0002845365634631833,
    0.0002791006615484123,
    0.00027292477305947263,
    0.0002660489510030986,
    0.0002585177877237959,
    0.0002503801257053759,
    0.00024168874080870599,
    0.00023249999999999996,
    0.00022287349578941227,
    0.00021287165975074227,
    0.0002025593576287211,
    0.00019200346865976597,
    0.00018127245183446856,
    0.00017043590191477103,
    0.00015956409808522896,
    0.0001487275481655314,
    0.000137996531340234,
    0.00012744064237127888,
    0.00011712834024925766,
    0.00010712650421058765,
    9.750000000000001e-05,
    8.831125919129397e-05,
    7.961987429462407e-05,
    7.148221227620408e-05,
    6.395104899690133e-05,
    5.707522694052737e-05,
    5.089933845158772e-05,
    4.546343653681667e-05,
    4.080277510605873e-05,
    3.694758033713536e-05,
    3.392285464748298e-05,
    3.174821454388177e-05,
    3.043776340188166e-05,
    3.0000010950004728e-05
  ],
  "step": [
    0,
    200,
    400,
    600,
    800,
    1000,
    1200,
    1400,
    1600,
    1800,
    2000,
    2200,
    2400,
    2600,
    2800,
    3000,
    3200,
    3400,
    3600,
    3800,
    4000,
    4200,
    4400,
    4600,
    4800,
    5000,
    5200,
    5400,
    5600,
    5800,
    6000,
    6200,
    6400,
    6600,
    6800,
    7000,
    7200,
    7400,
    7600,
    7800,
    7999
  ],
  "val_step": [
    200,
    400,
    600,
    800,
    1000,
    1200,
    1400,
    1600,
    1800,
    2000,
    2200,
    2400,
    2600,
    2800,
    3000,
    3200,
    3400,
    3600,
    3800,
    4000,
    4200,
    4400,
    4600,
    4800,
    5000,
    5200,
    5400,
    5600,
    5800,
    6000,
    6200,
    6400,
    6600,
    6800,
    7000,
    7200,
    7400,
    7600,
    7800,
    7999
  ],
  "param_count": 1495872,
  "wall_time_s": 150.36612391471863
}