{
  "train_loss": [
    4.636035919189453,
    3.271645269393921,
    2.3912362837791443,
    2.292771497964859,
    2.2435741233825683,
    2.2029707622528076,
    2.1747109127044677,
    2.149960310459137,
    2.128871031999588,
    2.1079162430763243,
    2.08853010058403,
    2.071977220773697,
    2.0553661513328554,
    2.0446246707439424,
    2.032311432361603,
    2.020776813030243,
    2.0057426685094835,
    1.9978657883405686,
    1.9934053546190262,
    1.983350492119789,
    1.9717091113328933,
    1.9648934614658355,
    1.958440512418747,
    1.9544447231292725,
    1.9494510424137115,
    1.9410892993211746,
    1.9361704844236374,
    1.9291942137479783,
    1.9251370692253114,
    1.91799556016922,
    1.9182845479249955,
    1.915808357000351,
    1.9132095259428024,
    1.9096483725309372,
    1.9083690983057022,
    1.9031609785556793,
    1.9047781544923783,
    1.8987859606742858,
    1.8990073746442795,
    1.8971382063627242,
    1.8979403481411574
  ],
  "val_loss": [
    2.503361225128174,
    2.3464816510677338,
    2.2932233661413193,
    2.2492141276597977,
    2.245646893978119,
    2.197280764579773,
    2.1844188272953033,
    2.169455587863922,
    2.1407897621393204,
    2.1466303020715714,
    2.1269252449274063,
    2.1231391578912735,
    2.1017177402973175,
    2.100348487496376,
    2.0869728475809097,
    2.0746308118104935,
    2.0746962875127792,
    2.077907010912895,
    2.059074655175209,
    2.063492313027382,
    2.0622838139533997,
    2.054532542824745,
    2.0490099787712097,
    2.0652082711458206,
    2.0430787205696106,
    2.0429591983556747,
    2.040321707725525,
    2.0534985214471817,
    2.0440051332116127,
    2.036073178052902,
    2.032817542552948,
    2.022440582513809,
    2.0155190899968147,
    2.0291899889707565,
    2.0189854130148888,
    2.0432089269161224,
    2.028739057481289,
    2.033161662518978,
    2.022099956870079,
    2.0205346271395683
  ],
  "lr": [
    1.4999999999999998e-06,
    0.0003,
    0.00029956223659811834,
    0.0002982517854561182,
    0.000296077145352517,
    0.0002930524196628646,
    0.00028919722489394124,
    0.0002845365634631833,
    0.0002791006615484123,
    0.00027292477305947263,
    0.0002660489510030986,
    0.0002585177877237959,
    0.0002503801257053759,
    0.00024168874080870599,
    0.00023249999999999996,
    0.00022287349578941227,
    0.00021287165975074227,
    0.0002025593576287211,
    0.00019200346865976597,
    0.00018127245183446856,
    0.00017043590191477103,
    0.00015956409808522896,
    0.0001487275481655314,
    0.000137996531340234,
    0.00012744064237127888,
    0.00011712834024925766,
    0.00010712650421058765,
    9.750000000000001e-05,
    8.831125919129397e-05,
    7.961987429462407e-05,
    7.148221227620408e-05,
    6.395104899690133e-05,
    5.707522694052737e-05,
    5.089933845158772e-05,
    4.546343653681667e-05,
    4.080277510605873e-05,
    3.694758033713536e-05,
    3.392285464748298e-05,
    3.174821454388177e-05,
    3.043776340188166e-05,
    3.0000010950004728e-05
  ],
  "step": [
    0,
    200,
    400,
    600,
    800,
    1000,
    1200,
    1400,
    1600,
    1800,
    2000,
    2200,
    2400,
    2600,
    2800,
    3000,
    3200,
    3400,
    3600,
    3800,
    4000,
    4200,
    4400,
    4600,
    4800,
    5000,
    5200,
    5400,
    5600,
    5800,
    6000,
    6200,
    6400,
    6600,
    6800,
    7000,
    7200,
    7400,
    7600,
    7800,
    7999
  ],
  "val_step": [
    200,
    400,
    600,
    800,
    1000,
    1200,
    1400,
    1600,
    1800,
    2000,
    2200,
    2400,
    2600,
    2800,
    3000,
    3200,
    3400,
    3600,
    3800,
    4000,
    4200,
    4400,
    4600,
    4800,
    5000,
    5200,
    5400,
    5600,
    5800,
    6000,
    6200,
    6400,
    6600,
    6800,
    7000,
    7200,
    7400,
    7600,
    7800,
    7999
  ],
  "param_count": 1495872,
  "wall_time_s": 151.97604417800903
}