{
  "prediction": "P19.1 (interface 19 Prony viscoelastic reproduction)",
  "prony_params": {
    "taus_s": [
      0.1,
      1.0,
      10.0
    ],
    "G_i_Pa": [
      300000000.0,
      100000000.0,
      50000000.0
    ],
    "G_infty_Pa": 10000000.0,
    "G_0_Pa": 460000000.0,
    "mu0_fractional": 0.021739130434782608,
    "mus_fractional": [
      0.6521739130434783,
      0.21739130434782608,
      0.10869565217391304
    ]
  },
  "protocols_tested": [
    "smooth_step",
    "double_pulse",
    "sinusoidal_om=2"
  ],
  "t_grid_n_points": 6001,
  "results": [
    {
      "label": "smooth_step",
      "max_abs_err_Pa": 602.7201177413808,
      "max_rel_err": 0.0002623930463194799,
      "sigma_ode_final_Pa": 127512.7413795881,
      "sigma_conv_final_Pa": 127512.74117325792,
      "eps_final": 0.01
    },
    {
      "label": "double_pulse",
      "max_abs_err_Pa": 165.842351119034,
      "max_rel_err": 9.49109057610249e-05,
      "sigma_ode_final_Pa": -5699.930563836429,
      "sigma_conv_final_Pa": -5699.930586200881,
      "eps_final": 0.0
    },
    {
      "label": "sinusoidal_om=2",
      "max_abs_err_Pa": 68.0562876391923,
      "max_rel_err": 7.213641470807353e-05,
      "sigma_ode_final_Pa": -708476.0002092631,
      "sigma_conv_final_Pa": -708531.7714694331,
      "eps_final": -0.0015240531055110834
    }
  ],
  "max_relative_error_overall": 0.0002623930463194799,
  "threshold": 0.001,
  "passes_threshold": true,
  "wall_time_s": 2.224623918533325,
  "backend": "numpy",
  "seed": 42
}