{
  "prediction_tested": "3D vibrational spectrum multi-seed extension of results/25",
  "config": {
    "N": 64,
    "L": 20.0,
    "Lambda": -8.0,
    "Sigma_lambda": 1.5,
    "lambda_fast": 1.125,
    "lambda_slow": 0.375,
    "gamma_0": 0.01,
    "T_bath": 0.0001,
    "nu_fast": 10.0,
    "nu_slow": 0.5,
    "dt": 0.0025,
    "n_warmup": 2000,
    "n_record": 4000,
    "subgrid_stride": 4,
    "subgrid_N": 16,
    "sigma_init": 0.5,
    "normalized": true
  },
  "seeds": [
    42,
    43,
    44,
    45
  ],
  "n_seeds": 4,
  "per_seed": [
    {
      "seed": 42,
      "median_dominant_freq": 0.1,
      "mean_dominant_freq": 0.20046386718750003,
      "std_dominant_freq": 0.13606236959932147,
      "range_min": 0.1,
      "range_max": 2.0,
      "top5_bins": [
        [
          0.125,
          2132
        ],
        [
          0.225,
          776
        ],
        [
          0.32500000000000007,
          577
        ],
        [
          0.42500000000000004,
          384
        ],
        [
          0.525,
          161
        ]
      ],
      "canonical_bin_counts": {
        "0.125": 2132,
        "0.225": 776,
        "0.325": 577,
        "0.425": 384,
        "0.525": 161
      },
      "initial_peak": 1.4366968870162964,
      "warmup_norm": 0.9807438169832645,
      "warmup_peak": 0.001085115269113547,
      "final_norm": 0.949118683805717,
      "final_peak": 0.0011375096565240791,
      "wall_time": 57.29279398918152
    },
    {
      "seed": 43,
      "median_dominant_freq": 0.1,
      "mean_dominant_freq": 0.20214843750000003,
      "std_dominant_freq": 0.1388262509985363,
      "range_min": 0.1,
      "range_max": 2.0,
      "top5_bins": [
        [
          0.125,
          2109
        ],
        [
          0.225,
          779
        ],
        [
          0.32500000000000007,
          582
        ],
        [
          0.42500000000000004,
          397
        ],
        [
          0.525,
          162
        ]
      ],
      "canonical_bin_counts": {
        "0.125": 2109,
        "0.225": 779,
        "0.325": 582,
        "0.425": 397,
        "0.525": 162
      },
      "initial_peak": 1.4366968870162964,
      "warmup_norm": 0.9803997580924103,
      "warmup_peak": 0.0011187074562960852,
      "final_norm": 0.9452897416631675,
      "final_peak": 0.0012354080478350245,
      "wall_time": 55.27784252166748
    },
    {
      "seed": 44,
      "median_dominant_freq": 0.1,
      "mean_dominant_freq": 0.20126953125000002,
      "std_dominant_freq": 0.13807885827636784,
      "range_min": 0.1,
      "range_max": 2.0,
      "top5_bins": [
        [
          0.125,
          2109
        ],
        [
          0.225,
          802
        ],
        [
          0.32500000000000007,
          565
        ],
        [
          0.42500000000000004,
          399
        ],
        [
          0.525,
          153
        ]
      ],
      "canonical_bin_counts": {
        "0.125": 2109,
        "0.225": 802,
        "0.325": 565,
        "0.425": 399,
        "0.525": 153
      },
      "initial_peak": 1.4366968870162964,
      "warmup_norm": 0.9805956342598802,
      "warmup_peak": 0.001137332941252937,
      "final_norm": 0.9485316961537393,
      "final_peak": 0.001094969123503607,
      "wall_time": 51.53488039970398
    },
    {
      "seed": 45,
      "median_dominant_freq": 0.1,
      "mean_dominant_freq": 0.20163574218750002,
      "std_dominant_freq": 0.14074564315191443,
      "range_min": 0.1,
      "range_max": 2.0,
      "top5_bins": [
        [
          0.125,
          2118
        ],
        [
          0.225,
          782
        ],
        [
          0.32500000000000007,
          569
        ],
        [
          0.42500000000000004,
          406
        ],
        [
          0.525,
          160
        ]
      ],
      "canonical_bin_counts": {
        "0.125": 2118,
        "0.225": 782,
        "0.325": 569,
        "0.425": 406,
        "0.525": 160
      },
      "initial_peak": 1.4366968870162964,
      "warmup_norm": 0.9819169117574597,
      "warmup_peak": 0.0011998848170858426,
      "final_norm": 0.9504088767422815,
      "final_peak": 0.0012921720422648902,
      "wall_time": 62.10346460342407
    }
  ],
  "aggregate": {
    "n_seeds": 4,
    "median_dominant_freq": {
      "per_seed": [
        0.1,
        0.1,
        0.1,
        0.1
      ],
      "mean": 0.1,
      "std": 0.0
    },
    "mean_dominant_freq": {
      "per_seed": [
        0.20046386718750003,
        0.20214843750000003,
        0.20126953125000002,
        0.20163574218750002
      ],
      "mean": 0.20137939453125003,
      "std": 0.0006138813945644584
    },
    "std_dominant_freq": {
      "per_seed": [
        0.13606236959932147,
        0.1388262509985363,
        0.13807885827636784,
        0.14074564315191443
      ],
      "mean": 0.13842828050653502,
      "std": 0.00167691535702541
    },
    "initial_peak": {
      "per_seed": [
        1.4366968870162964,
        1.4366968870162964,
        1.4366968870162964,
        1.4366968870162964
      ],
      "mean": 1.4366968870162964,
      "std": 0.0
    },
    "final_norm": {
      "per_seed": [
        0.949118683805717,
        0.9452897416631675,
        0.9485316961537393,
        0.9504088767422815
      ],
      "mean": 0.9483372495912262,
      "std": 0.0018859607976983565
    },
    "final_peak": {
      "per_seed": [
        0.0011375096565240791,
        0.0012354080478350245,
        0.001094969123503607,
        0.0012921720422648902
      ],
      "mean": 0.0011900147175319003,
      "std": 7.79216269854465e-05
    },
    "canonical_bin_counts": {
      "0.125": {
        "per_seed": [
          2132,
          2109,
          2109,
          2118
        ],
        "mean": 2117.0,
        "std": 9.40744386111339
      },
      "0.225": {
        "per_seed": [
          776,
          779,
          802,
          782
        ],
        "mean": 784.75,
        "std": 10.18270592720815
      },
      "0.325": {
        "per_seed": [
          577,
          582,
          565,
          569
        ],
        "mean": 573.25,
        "std": 6.6473679001541655
      },
      "0.425": {
        "per_seed": [
          384,
          397,
          399,
          406
        ],
        "mean": 396.5,
        "std": 7.952986860293433
      },
      "0.525": {
        "per_seed": [
          161,
          162,
          153,
          160
        ],
        "mean": 159.0,
        "std": 3.5355339059327378
      }
    }
  },
  "wall_time_total_s": 230.0517554283142,
  "backend": "cupy"
}