{
  "prediction_tested": "3D vibrational spectrum multi-seed extension of results/25",
  "config": {
    "N": 64,
    "L": 20.0,
    "Lambda": -8.0,
    "Sigma_lambda": 1.5,
    "lambda_fast": 1.125,
    "lambda_slow": 0.375,
    "gamma_0": 0.01,
    "T_bath": 0.0001,
    "nu_fast": 10.0,
    "nu_slow": 0.5,
    "dt": 0.0025,
    "n_warmup": 2000,
    "n_record": 4000,
    "subgrid_stride": 4,
    "subgrid_N": 16,
    "sigma_init": 0.5,
    "normalized": true
  },
  "seeds": [
    42,
    43,
    44,
    45
  ],
  "n_seeds": 4,
  "per_seed": [
    {
      "seed": 42,
      "median_dominant_freq": 0.1,
      "mean_dominant_freq": 0.20046386718750003,
      "std_dominant_freq": 0.13606236959932147,
      "range_min": 0.1,
      "range_max": 2.0,
      "top5_bins": [
        [
          0.125,
          2132
        ],
        [
          0.225,
          776
        ],
        [
          0.32500000000000007,
          577
        ],
        [
          0.42500000000000004,
          384
        ],
        [
          0.525,
          161
        ]
      ],
      "canonical_bin_counts": {
        "0.125": 2132,
        "0.225": 776,
        "0.325": 577,
        "0.425": 384,
        "0.525": 161
      },
      "initial_peak": 1.4366968870162964,
      "warmup_norm": 0.9800251722335815,
      "warmup_peak": 0.0010841902112588286,
      "final_norm": 0.947236180305481,
      "final_peak": 0.0011358321644365788,
      "wall_time": 31.87749195098877
    },
    {
      "seed": 43,
      "median_dominant_freq": 0.1,
      "mean_dominant_freq": 0.20192871093750003,
      "std_dominant_freq": 0.13873272272744297,
      "range_min": 0.1,
      "range_max": 2.0,
      "top5_bins": [
        [
          0.125,
          2111
        ],
        [
          0.225,
          781
        ],
        [
          0.32500000000000007,
          581
        ],
        [
          0.42500000000000004,
          394
        ],
        [
          0.525,
          162
        ]
      ],
      "canonical_bin_counts": {
        "0.125": 2111,
        "0.225": 781,
        "0.325": 581,
        "0.425": 394,
        "0.525": 162
      },
      "initial_peak": 1.4366968870162964,
      "warmup_norm": 0.9796814918518066,
      "warmup_peak": 0.0011175902327522635,
      "final_norm": 0.9434113502502441,
      "final_peak": 0.0012337348889559507,
      "wall_time": 31.839715242385864
    },
    {
      "seed": 44,
      "median_dominant_freq": 0.1,
      "mean_dominant_freq": 0.20124511718750004,
      "std_dominant_freq": 0.1380879209125092,
      "range_min": 0.1,
      "range_max": 2.0,
      "top5_bins": [
        [
          0.125,
          2110
        ],
        [
          0.225,
          801
        ],
        [
          0.32500000000000007,
          565
        ],
        [
          0.42500000000000004,
          399
        ],
        [
          0.525,
          153
        ]
      ],
      "canonical_bin_counts": {
        "0.125": 2110,
        "0.225": 801,
        "0.325": 565,
        "0.425": 399,
        "0.525": 153
      },
      "initial_peak": 1.4366968870162964,
      "warmup_norm": 0.9798767566680908,
      "warmup_peak": 0.0011363180819898844,
      "final_norm": 0.9466482400894165,
      "final_peak": 0.0010935018071904778,
      "wall_time": 31.717098236083984
    },
    {
      "seed": 45,
      "median_dominant_freq": 0.1,
      "mean_dominant_freq": 0.2015869140625,
      "std_dominant_freq": 0.14062472661309688,
      "range_min": 0.1,
      "range_max": 2.0,
      "top5_bins": [
        [
          0.125,
          2118
        ],
        [
          0.225,
          781
        ],
        [
          0.32500000000000007,
          571
        ],
        [
          0.42500000000000004,
          406
        ],
        [
          0.525,
          160
        ]
      ],
      "canonical_bin_counts": {
        "0.125": 2118,
        "0.225": 781,
        "0.325": 571,
        "0.425": 406,
        "0.525": 160
      },
      "initial_peak": 1.4366968870162964,
      "warmup_norm": 0.981197714805603,
      "warmup_peak": 0.0011989516206085682,
      "final_norm": 0.9485230445861816,
      "final_peak": 0.001291145570576191,
      "wall_time": 31.715978145599365
    }
  ],
  "aggregate": {
    "n_seeds": 4,
    "median_dominant_freq": {
      "per_seed": [
        0.1,
        0.1,
        0.1,
        0.1
      ],
      "mean": 0.1,
      "std": 0.0
    },
    "mean_dominant_freq": {
      "per_seed": [
        0.20046386718750003,
        0.20192871093750003,
        0.20124511718750004,
        0.2015869140625
      ],
      "mean": 0.20130615234375004,
      "std": 0.000543041416492556
    },
    "std_dominant_freq": {
      "per_seed": [
        0.13606236959932147,
        0.13873272272744297,
        0.1380879209125092,
        0.14062472661309688
      ],
      "mean": 0.13837693496309264,
      "std": 0.0016294089557024978
    },
    "initial_peak": {
      "per_seed": [
        1.4366968870162964,
        1.4366968870162964,
        1.4366968870162964,
        1.4366968870162964
      ],
      "mean": 1.4366968870162964,
      "std": 0.0
    },
    "final_norm": {
      "per_seed": [
        0.947236180305481,
        0.9434113502502441,
        0.9466482400894165,
        0.9485230445861816
      ],
      "mean": 0.9464547038078308,
      "std": 0.0018833611085326888
    },
    "final_peak": {
      "per_seed": [
        0.0011358321644365788,
        0.0012337348889559507,
        0.0010935018071904778,
        0.001291145570576191
      ],
      "mean": 0.0011885536077897996,
      "std": 7.80718489319281e-05
    },
    "canonical_bin_counts": {
      "0.125": {
        "per_seed": [
          2132,
          2111,
          2110,
          2118
        ],
        "mean": 2117.75,
        "std": 8.78564169540279
      },
      "0.225": {
        "per_seed": [
          776,
          781,
          801,
          781
        ],
        "mean": 784.75,
        "std": 9.60143218483576
      },
      "0.325": {
        "per_seed": [
          577,
          581,
          565,
          571
        ],
        "mean": 573.5,
        "std": 6.06217782649107
      },
      "0.425": {
        "per_seed": [
          384,
          394,
          399,
          406
        ],
        "mean": 395.75,
        "std": 8.011710179481033
      },
      "0.525": {
        "per_seed": [
          161,
          162,
          153,
          160
        ],
        "mean": 159.0,
        "std": 3.5355339059327378
      }
    }
  },
  "wall_time_total_s": 128.90186524391174,
  "backend": "cupy"
}