{
  "train_loss": [
    4.617712020874023,
    3.2854581379890444,
    2.3996985709667205,
    2.2945423245429994,
    2.2435165083408357,
    2.206137523651123,
    2.181103274822235,
    2.160019465684891,
    2.1430849862098693,
    2.1237338840961457,
    2.1070402562618256,
    2.094139025211334,
    2.0801438868045805,
    2.070048966407776,
    2.059978083372116,
    2.0481586134433747,
    2.035392175912857,
    2.0291727274656295,
    2.0236534601449967,
    2.015875568389893,
    2.005608832240105,
    1.9973054075241088,
    1.9923624151945114,
    1.9893577975034713,
    1.9834630489349365,
    1.9755198079347611,
    1.9702550792694091,
    1.9649225389957428,
    1.9611012947559356,
    1.9524751245975493,
    1.9533811265230179,
    1.9515085822343827,
    1.9487841844558715,
    1.9448212349414826,
    1.944170716404915,
    1.939856083393097,
    1.941229857802391,
    1.934848474264145,
    1.9357381862401963,
    1.9333879029750825,
    1.9335018953486303
  ],
  "val_loss": [
    2.5192127376794815,
    2.348276764154434,
    2.2857468128204346,
    2.2418543100357056,
    2.2437296360731125,
    2.204344719648361,
    2.1983229219913483,
    2.1795507222414017,
    2.150669440627098,
    2.1508595049381256,
    2.1475010365247726,
    2.1343411952257156,
    2.1176702678203583,
    2.12039914727211,
    2.1151280999183655,
    2.110240265727043,
    2.10114623606205,
    2.0990730077028275,
    2.0822429805994034,
    2.0960507541894913,
    2.0871541798114777,
    2.0753144323825836,
    2.0793652087450027,
    2.0825773924589157,
    2.071409583091736,
    2.07039275765419,
    2.0706854462623596,
    2.0800390392541885,
    2.070586174726486,
    2.0625088065862656,
    2.0599224120378494,
    2.05199733376503,
    2.0473118275403976,
    2.059266448020935,
    2.0496572107076645,
    2.0719158202409744,
    2.05712828040123,
    2.060121923685074,
    2.0510273873806,
    2.0488004833459854
  ],
  "lr": [
    1.4999999999999998e-06,
    0.0003,
    0.00029956223659811834,
    0.0002982517854561182,
    0.000296077145352517,
    0.0002930524196628646,
    0.00028919722489394124,
    0.0002845365634631833,
    0.0002791006615484123,
    0.00027292477305947263,
    0.0002660489510030986,
    0.0002585177877237959,
    0.0002503801257053759,
    0.00024168874080870599,
    0.00023249999999999996,
    0.00022287349578941227,
    0.00021287165975074227,
    0.0002025593576287211,
    0.00019200346865976597,
    0.00018127245183446856,
    0.00017043590191477103,
    0.00015956409808522896,
    0.0001487275481655314,
    0.000137996531340234,
    0.00012744064237127888,
    0.00011712834024925766,
    0.00010712650421058765,
    9.750000000000001e-05,
    8.831125919129397e-05,
    7.961987429462407e-05,
    7.148221227620408e-05,
    6.395104899690133e-05,
    5.707522694052737e-05,
    5.089933845158772e-05,
    4.546343653681667e-05,
    4.080277510605873e-05,
    3.694758033713536e-05,
    3.392285464748298e-05,
    3.174821454388177e-05,
    3.043776340188166e-05,
    3.0000010950004728e-05
  ],
  "step": [
    0,
    200,
    400,
    600,
    800,
    1000,
    1200,
    1400,
    1600,
    1800,
    2000,
    2200,
    2400,
    2600,
    2800,
    3000,
    3200,
    3400,
    3600,
    3800,
    4000,
    4200,
    4400,
    4600,
    4800,
    5000,
    5200,
    5400,
    5600,
    5800,
    6000,
    6200,
    6400,
    6600,
    6800,
    7000,
    7200,
    7400,
    7600,
    7800,
    7999
  ],
  "val_step": [
    200,
    400,
    600,
    800,
    1000,
    1200,
    1400,
    1600,
    1800,
    2000,
    2200,
    2400,
    2600,
    2800,
    3000,
    3200,
    3400,
    3600,
    3800,
    4000,
    4200,
    4400,
    4600,
    4800,
    5000,
    5200,
    5400,
    5600,
    5800,
    6000,
    6200,
    6400,
    6600,
    6800,
    7000,
    7200,
    7400,
    7600,
    7800,
    7999
  ],
  "param_count": 1495872,
  "wall_time_s": 129.69594478607178
}