{
  "experiment": "balanced_3d_anti_collapse_visual",
  "parameters": {
    "N": 96,
    "L": 20.0,
    "dt": 0.0025,
    "steps": 2400,
    "Lambda": -10.0,
    "gamma": 0.0,
    "temperature": 0.0,
    "sigma": 0.5,
    "precision": "fp32",
    "seed": 42,
    "sample_every": 10,
    "frame_every": 20,
    "fps": 18
  },
  "no_memory": {
    "max_peak": 31.313777923583984,
    "final_peak": 22.785337448120117,
    "final_over_max": 0.7276457508169057,
    "tail_peak_mean": 22.84778602917989,
    "tail_peak_relative_std": 0.0025759648398359035,
    "equilibrium_score": 0.38510884718959243,
    "initial_norm": 1.0,
    "final_norm": 0.9996498823165894,
    "final_participation": 14.293610572814941,
    "wall_time": 2.922734260559082,
    "backend": "cupy"
  },
  "hierarchical_memory": {
    "max_peak": 21.11199188232422,
    "final_peak": 0.002038220874965191,
    "final_over_max": 9.654327674650485e-05,
    "tail_peak_mean": 0.0019145782134728506,
    "tail_peak_relative_std": 0.46428476934175955,
    "equilibrium_score": 0.6829272664920791,
    "initial_norm": 1.0,
    "final_norm": 0.9995397329330444,
    "final_participation": 272534.6875,
    "wall_time": 3.8637092113494873,
    "backend": "cupy"
  },
  "peak_separation_final_nomem_over_mem": 11179.032521933743
}