{
  "experiment": "triad_equilibrium_hero",
  "parameters": {
    "N": 128,
    "steps": 2400,
    "Lambda": -10.0,
    "sigma": 0.5,
    "sample_every": 10,
    "frame_every": 20,
    "fps": 18
  },
  "no_memory": {
    "max_peak": 68.61072540283203,
    "final_peak": 57.878395080566406,
    "final_over_max": 0.8435764924615907,
    "final_effective_support": 16.396493911743164,
    "tail_peak_relative_std": 0.014521636477244346
  },
  "hierarchical_memory": {
    "max_peak": 53.31830596923828,
    "final_peak": 0.0020515741780400276,
    "final_over_max": 3.847785747776144e-05,
    "final_effective_support": 1015623.4375,
    "tail_peak_relative_std": 0.7247345630370857
  },
  "final_peak_separation_nomem_over_memory": 28211.699922963817,
  "final_support_gain_memory_over_nomem": 61941.500601699416
}