{
  "train_loss": [
    4.640210151672363,
    3.2757408106327057,
    2.3903047943115237,
    2.2928494715690615,
    2.237724077701569,
    2.201617202758789,
    2.167689102888107,
    2.1410179936885836,
    2.1202601838111876,
    2.1009214520454407,
    2.0822186779975893,
    2.067907918691635,
    2.054441089630127,
    2.039398113489151,
    2.033272213935852,
    2.022339427471161,
    2.017633940577507,
    2.0025745844841003,
    1.9955924767255784,
    1.9925549668073654,
    1.980742819905281,
    1.9771659189462663,
    1.9669310414791108,
    1.9640869039297104,
    1.9523468345403672,
    1.9509082120656966,
    1.9430844527482987,
    1.9435713326931,
    1.9358022040128708,
    1.9370711708068848,
    1.9302761244773865,
    1.9272247356176377,
    1.922032480239868,
    1.9217326056957245,
    1.9193799394369124,
    1.9157920646667481,
    1.9129853636026382,
    1.9110021394491197,
    1.9113092750310898,
    1.911407721042633,
    1.90746920192661
  ],
  "val_loss": [
    2.500091329216957,
    2.347866430878639,
    2.282735198736191,
    2.2571642845869064,
    2.214050590991974,
    2.1816151589155197,
    2.185467466711998,
    2.160999074578285,
    2.1425983905792236,
    2.1367964148521423,
    2.1313632130622864,
    2.1191114336252213,
    2.098759964108467,
    2.108931377530098,
    2.107427254319191,
    2.106108695268631,
    2.088787868618965,
    2.095816805958748,
    2.075441136956215,
    2.080547332763672,
    2.079538568854332,
    2.0854353606700897,
    2.068596586585045,
    2.0662441849708557,
    2.0671621710062027,
    2.0593514144420624,
    2.0679722726345062,
    2.0570033490657806,
    2.0515052378177643,
    2.0503739714622498,
    2.0506633520126343,
    2.042322501540184,
    2.0487480610609055,
    2.0372392758727074,
    2.050941452383995,
    2.047521695494652,
    2.0412486642599106,
    2.049801290035248,
    2.046005241572857,
    2.0475555062294006
  ],
  "lr": [
    1.4999999999999998e-06,
    0.0003,
    0.00029956223659811834,
    0.0002982517854561182,
    0.000296077145352517,
    0.0002930524196628646,
    0.00028919722489394124,
    0.0002845365634631833,
    0.0002791006615484123,
    0.00027292477305947263,
    0.0002660489510030986,
    0.0002585177877237959,
    0.0002503801257053759,
    0.00024168874080870599,
    0.00023249999999999996,
    0.00022287349578941227,
    0.00021287165975074227,
    0.0002025593576287211,
    0.00019200346865976597,
    0.00018127245183446856,
    0.00017043590191477103,
    0.00015956409808522896,
    0.0001487275481655314,
    0.000137996531340234,
    0.00012744064237127888,
    0.00011712834024925766,
    0.00010712650421058765,
    9.750000000000001e-05,
    8.831125919129397e-05,
    7.961987429462407e-05,
    7.148221227620408e-05,
    6.395104899690133e-05,
    5.707522694052737e-05,
    5.089933845158772e-05,
    4.546343653681667e-05,
    4.080277510605873e-05,
    3.694758033713536e-05,
    3.392285464748298e-05,
    3.174821454388177e-05,
    3.043776340188166e-05,
    3.0000010950004728e-05
  ],
  "step": [
    0,
    200,
    400,
    600,
    800,
    1000,
    1200,
    1400,
    1600,
    1800,
    2000,
    2200,
    2400,
    2600,
    2800,
    3000,
    3200,
    3400,
    3600,
    3800,
    4000,
    4200,
    4400,
    4600,
    4800,
    5000,
    5200,
    5400,
    5600,
    5800,
    6000,
    6200,
    6400,
    6600,
    6800,
    7000,
    7200,
    7400,
    7600,
    7800,
    7999
  ],
  "val_step": [
    200,
    400,
    600,
    800,
    1000,
    1200,
    1400,
    1600,
    1800,
    2000,
    2200,
    2400,
    2600,
    2800,
    3000,
    3200,
    3400,
    3600,
    3800,
    4000,
    4200,
    4400,
    4600,
    4800,
    5000,
    5200,
    5400,
    5600,
    5800,
    6000,
    6200,
    6400,
    6600,
    6800,
    7000,
    7200,
    7400,
    7600,
    7800,
    7999
  ],
  "param_count": 1495872,
  "wall_time_s": 101.70822334289551
}