{
  "prediction_tested": "Phase 9 wave-3 3D vibrational extension of results/03 (2D), P3 active",
  "config": {
    "N": 32,
    "L": 20.0,
    "Lambda": -8.0,
    "Sigma_lambda": 4.0,
    "gamma_0": 0.02,
    "T_bath": 0.005,
    "nu_fast": 10.0,
    "nu_slow": 0.5,
    "dt": 0.005,
    "n_steps": 4000,
    "sample_every": 4
  },
  "results": {
    "wall_time_s": 14.224941968917847,
    "n_samples_per_voxel": 750,
    "n_voxels": 32768,
    "dominant_freq_stats": {
      "range": [
        0.06666666666666667,
        2.7333333333333334
      ],
      "median": 0.3333333333333333,
      "mean": 0.51004638671875,
      "std": 0.4751815522659706
    },
    "top_dominant_freq_bins": [
      [
        0.05,
        8560
      ],
      [
        0.25,
        3735
      ],
      [
        0.45,
        2827
      ],
      [
        0.15000000000000002,
        2775
      ],
      [
        0.55,
        2523
      ],
      [
        0.8500000000000001,
        1951
      ],
      [
        0.35000000000000003,
        1522
      ],
      [
        1.05,
        1473
      ],
      [
        1.1500000000000001,
        1209
      ],
      [
        0.6500000000000001,
        1096
      ]
    ],
    "top_aggregate_peaks": [
      [
        0.06666666666666667,
        0.2649303376674652
      ],
      [
        0.13333333333333333,
        0.19800493121147156
      ],
      [
        0.2,
        0.18436571955680847
      ],
      [
        0.26666666666666666,
        0.1793983429670334
      ],
      [
        0.3333333333333333,
        0.17530906200408936
      ],
      [
        0.4,
        0.1745198369026184
      ],
      [
        0.4666666666666667,
        0.17185014486312866
      ],
      [
        0.5333333333333333,
        0.16950435936450958
      ],
      [
        0.6,
        0.16893801093101501
      ],
      [
        0.6666666666666666,
        0.1665097177028656
      ],
      [
        0.7333333333333333,
        0.16510219871997833
      ],
      [
        0.8,
        0.1632968783378601
      ],
      [
        0.8666666666666667,
        0.16072900593280792
      ],
      [
        0.9333333333333333,
        0.15915340185165405
      ],
      [
        1.0,
        0.15730836987495422
      ]
    ],
    "consecutive_peak_ratios": [
      2.0,
      1.5,
      1.3333333333333333,
      1.25,
      1.2000000000000002,
      1.1666666666666665,
      1.1428571428571428,
      1.125,
      1.1111111111111112,
      1.1,
      1.090909090909091,
      1.0833333333333333,
      1.0769230769230769,
      1.0714285714285714
    ]
  },
  "initial_norm": 0.3535533547401428,
  "final_norm": 22.09260761425806,
  "backend": "cupy"
}