{
  "train_loss": [
    4.6471333503723145,
    3.276054884195328,
    2.390135908126831,
    2.292191069126129,
    2.2359856045246125,
    2.1954659426212313,
    2.163470811843872,
    2.1371643340587614,
    2.1137676525115965,
    2.0966636109352113,
    2.0796279442310333,
    2.0620101606845855,
    2.0500940001010894,
    2.0342428427934647,
    2.0273582696914674,
    2.0114953362941743,
    2.0007841289043427,
    1.989994278550148,
    1.9826092445850372,
    1.9722040361166,
    1.968633881211281,
    1.9605394315719604,
    1.9513157933950425,
    1.9435641837120057,
    1.9381868487596512,
    1.9315325355529784,
    1.926743289232254,
    1.9199151134490966,
    1.9167239964008331,
    1.9107961946725844,
    1.9080581444501876,
    1.9028668653964997,
    1.9019440913200378,
    1.8973793560266494,
    1.8943802636861802,
    1.890207446217537,
    1.8904199331998826,
    1.8881074237823485,
    1.886303631067276,
    1.887563158273697,
    1.8853797912597656
  ],
  "val_loss": [
    2.523525059223175,
    2.353827565908432,
    2.2968906462192535,
    2.2329349368810654,
    2.203963339328766,
    2.17342346906662,
    2.1481385827064514,
    2.1396285742521286,
    2.144641935825348,
    2.117278516292572,
    2.1089637875556946,
    2.092657670378685,
    2.10259048640728,
    2.0968217700719833,
    2.092303603887558,
    2.0795924067497253,
    2.087042361497879,
    2.0497937053442,
    2.0785823613405228,
    2.0516174286603928,
    2.073525592684746,
    2.0628365874290466,
    2.069044202566147,
    2.0528604090213776,
    2.048875257372856,
    2.051766097545624,
    2.039693847298622,
    2.029378190636635,
    2.031656950712204,
    2.0333186984062195,
    2.0244660302996635,
    2.0272048711776733,
    2.024448126554489,
    2.0452792942523956,
    2.031246602535248,
    2.029486410319805,
    2.022829197347164,
    2.0191802456974983,
    2.0325679928064346,
    2.030502751469612
  ],
  "lr": [
    1.4999999999999998e-06,
    0.0003,
    0.00029956223659811834,
    0.0002982517854561182,
    0.000296077145352517,
    0.0002930524196628646,
    0.00028919722489394124,
    0.0002845365634631833,
    0.0002791006615484123,
    0.00027292477305947263,
    0.0002660489510030986,
    0.0002585177877237959,
    0.0002503801257053759,
    0.00024168874080870599,
    0.00023249999999999996,
    0.00022287349578941227,
    0.00021287165975074227,
    0.0002025593576287211,
    0.00019200346865976597,
    0.00018127245183446856,
    0.00017043590191477103,
    0.00015956409808522896,
    0.0001487275481655314,
    0.000137996531340234,
    0.00012744064237127888,
    0.00011712834024925766,
    0.00010712650421058765,
    9.750000000000001e-05,
    8.831125919129397e-05,
    7.961987429462407e-05,
    7.148221227620408e-05,
    6.395104899690133e-05,
    5.707522694052737e-05,
    5.089933845158772e-05,
    4.546343653681667e-05,
    4.080277510605873e-05,
    3.694758033713536e-05,
    3.392285464748298e-05,
    3.174821454388177e-05,
    3.043776340188166e-05,
    3.0000010950004728e-05
  ],
  "step": [
    0,
    200,
    400,
    600,
    800,
    1000,
    1200,
    1400,
    1600,
    1800,
    2000,
    2200,
    2400,
    2600,
    2800,
    3000,
    3200,
    3400,
    3600,
    3800,
    4000,
    4200,
    4400,
    4600,
    4800,
    5000,
    5200,
    5400,
    5600,
    5800,
    6000,
    6200,
    6400,
    6600,
    6800,
    7000,
    7200,
    7400,
    7600,
    7800,
    7999
  ],
  "val_step": [
    200,
    400,
    600,
    800,
    1000,
    1200,
    1400,
    1600,
    1800,
    2000,
    2200,
    2400,
    2600,
    2800,
    3000,
    3200,
    3400,
    3600,
    3800,
    4000,
    4200,
    4400,
    4600,
    4800,
    5000,
    5200,
    5400,
    5600,
    5800,
    6000,
    6200,
    6400,
    6600,
    6800,
    7000,
    7200,
    7400,
    7600,
    7800,
    7999
  ],
  "param_count": 1495872,
  "wall_time_s": 101.51061511039734
}